<?xml version="1.0" encoding="ISO-8859-1"?>
<monster name="Orc Leader" nameDescription="an orc leader" race="blood" experience="270" speed="220" manacost="640">
	<health now="450" max="450" />
	<look type="59" corpse="6001" />
	<targetchange interval="4000" chance="10" />
	<flags>
		<flag summonable="1" />
		<flag attackable="1" />
		<flag hostile="1" />
		<flag illusionable="1" />
		<flag convinceable="1" />
		<flag pushable="0" />
		<flag canpushitems="1" />
		<flag canpushcreatures="1" />
		<flag targetdistance="1" />
		<flag staticattack="90" />
		<flag runonhealth="0" />
		<flag canwalkonenergy="0" />
		<flag canwalkonpoison="0" />
	</flags>
	<attacks>
		<attack name="melee" interval="2000" min="0" max="-185" />
		<attack name="physical" interval="2000" chance="20" range="7" min="0" max="-70">
			<attribute key="shootEffect" value="throwingknife" />
		</attack>
	</attacks>
	<defenses armor="25" defense="25" />
	<elements>
		<element energyPercent="20" />
		<element holyPercent="20" />
		<element earthPercent="-10" />
		<element deathPercent="-5" />
	</elements>
	<immunities>
		<immunity invisible="1" />
		<immunity fire="1" />
	</immunities>
	<voices interval="5000" chance="10">
		<voice sentence="Ulderek futgyr human!" />
	</voices>
	<loot>
		<item name="gold coin" countmax="35" chance="28000" />
		<item name="sword ring" chance="3920" />
		<item name="longsword" chance="2800" />
		<item name="throwing knife" countmax="4" chance="9950" />
		<item name="broadsword" chance="610" />
		<item id="2419" chance="1860" /><!-- scimitar -->
		<item name="plate armor" chance="1650" />
		<item name="warrior helmet" chance="180" />
		<item name="brass legs" chance="3100" />
		<item name="plate shield" chance="1650" />
		<item name="plate legs" chance="440" />
		<item id="2667" chance="29400" /><!-- fish -->
		<item name="brown mushroom" chance="9650" />
		<item name="royal spear" chance="2400" />
		<item name="health potion" chance="550" />
		<item name="orc tooth" chance="1030" />
		<item name="orc leather" chance="19510" />
		<item name="skull belt" chance="2008" />
	</loot>
</monster>
