<?xml version="1.0" encoding="UTF-8"?>
<monster name="Gladiator" nameDescription="a gladiator" race="blood" experience="90" speed="200" manacost="470">
	<health now="185" max="185"/>
	<look type="131" head="78" body="3" legs="79" feet="114" corpse="3058"/>
	<targetchange interval="2000" chance="0"/>
	<strategy attack="100" defense="0"/>
	<flags>
		<flag summonable="0"/>
		<flag attackable="1"/>
		<flag hostile="1"/>
		<flag illusionable="0"/>
		<flag convinceable="1"/>
		<flag pushable="1"/>
		<flag canpushitems="0"/>
		<flag canpushcreatures="0"/>
		<flag staticattack="90"/>
		<flag targetdistance="1"/>
		<flag runonhealth="10"/>
	</flags>
	<attacks>
		<attack name="melee" interval="2000" skill="70" attack="30"/>
	</attacks>
	<defenses armor="20" defense="22">
		<defense name="speed" interval="1000" chance="9" speedchange="215" duration="5000">
			<attribute key="areaEffect" value="redshimmer"/>
		</defense>
	</defenses>
	<elements>
		<element holyPercent="10"/>
		<element physicalPercent="15"/>
		<element deathPercent="-10"/>
	</elements>
	<voices interval="4000" chance="10">
		<voice sentence="You are no match for me!"/>
		<voice sentence="Feel my prowess"/>
		<voice sentence="Fight!"/>
		<voice sentence="Take this!"/>
	</voices>
	<loot>
		<item id="2148" countmax="20" chance="100000"/><!-- gold coin -->
		<item id="8872" chance="6000"/><!-- belted cape -->
		<item id="2666" countmax="2" chance="25000"/><!-- meat -->
		<item id="2465" chance="9500"/><!-- brass armor -->
		<item id="1987" chance="100000"><!-- bag -->
			<inside>
				<item id="2398" chance="18000"/><!-- mace -->
				<item id="2459" chance="4500"/><!-- iron helmet -->
				<item id="2510" chance="9500"/><!-- plate shield -->
				<item id="2509" chance="15000"/><!-- steel shield -->
			</inside>
		</item>
	</loot>
</monster>
