﻿<?xml version="1.0" encoding="UTF-8"?>
<monster name="Orc Warrior" nameDescription="an orc warrior" race="blood" experience="50" speed="190" manacost="360">
	<health now="125" max="125" />
	<look type="7" corpse="5979" />
	<targetchange interval="4000" chance="0" />
	<flags>
		<flag summonable="1" />
		<flag attackable="1" />
		<flag hostile="1" />
		<flag illusionable="1" />
		<flag convinceable="1" />
		<flag pushable="1" />
		<flag canpushitems="0" />
		<flag canpushcreatures="0" />
		<flag targetdistance="1" />
		<flag staticattack="90" />
		<flag runonhealth="10" />
		<flag canwalkonenergy="0" />
		<flag canwalkonfire="0" />
		<flag canwalkonpoison="0" />
	</flags>
	<attacks>
		<attack name="melee" interval="2000" min="0" max="-60" />
	</attacks>
	<defenses armor="8" defense="8" />
	<elements>
		<element energyPercent="30" />
		<element holyPercent="10" />
		<element earthPercent="-10" />
		<element deathPercent="-10" />
	</elements>
	<voices interval="5000" chance="10">
		<voice sentence="Grow truk grrrr." />
		<voice sentence="Trak grrrr brik." />
		<voice sentence="Alk!" />
	</voices>
	<loot>
		<item name="gold coin" countmax="15" chance="65000" />
		<item name="meat" chance="15000" />
		<item name="broken helmet" chance="10800" />
		<item name="chain armor" chance="7360" />
		<item name="orc leather" chance="4000" />
		<!-- Heavy Old Tome 2.03% -->
		<item name="skull belt" chance="870" />
		<item name="copper shield" chance="670" />
		<item name="orc tooth" chance="620" />
		<item name="poison dagger" chance="30" />
	</loot>
</monster>