﻿<?xml version="1.0" encoding="UTF-8"?>
<monster name="Orc Shaman" nameDescription="an orc shaman" race="blood" experience="110" speed="140">
	<health now="115" max="115" />
	<look type="6" corpse="5978" />
	<targetchange interval="4000" chance="10" />
	<flags>
		<flag summonable="0" />
		<flag attackable="1" />
		<flag hostile="1" />
		<flag illusionable="1" />
		<flag convinceable="0" />
		<flag pushable="0" />
		<flag canpushitems="0" />
		<flag canpushcreatures="0" />
		<flag targetdistance="4" />
		<flag staticattack="90" />
		<flag runonhealth="15" />
		<flag canwalkonenergy="0" />
		<flag canwalkonfire="0" />
		<flag canwalkonpoison="0" />
	</flags>
	<attacks>
		<attack name="melee" interval="2000" min="0" max="-15" />
		<attack name="energy" interval="2000" chance="15" range="7" min="-20" max="-35">
			<attribute key="shootEffect" value="energyball" />
		</attack>
		<attack name="fire" interval="2000" chance="5" range="7" radius="1" target="1" min="-5" max="-45">
			<attribute key="shootEffect" value="fire" />
		</attack>
	</attacks>
	<defenses armor="8" defense="8">
		<defense name="healing" interval="2000" chance="60" min="27" max="43">
			<attribute key="areaEffect" value="blueshimmer" />
		</defense>
	</defenses>
	<elements>
		<element energyPercent="50" />
		<element holyPercent="10" />
		<element earthPercent="-10" />
		<element deathPercent="-5" />
	</elements>
	<immunities>
		<immunity invisible="1" />
	</immunities>
	<summons maxSummons="4">
		<summon name="Snake" interval="2000" chance="20" max="4" />
	</summons>
	<voices interval="5000" chance="10">
		<voice sentence="Huumans stinkk!" />
		<voice sentence="Grak brrretz gulu." />
	</voices>
	<loot>
		<item name="gold coin" countmax="5" chance="90000" />
		<item name="corncob" countmax="2" chance="10000" />
		<item name="broken shamanic staff" chance="10000" />
		<item name="chain armor" chance="8750" />
		<item name="shamanic hood" chance="7800" />
		<item name="spear" chance="5500" />
		<item name="orc leather" chance="3500" />
		<!-- Heavy Old Tome 2.47% -->
		<item name="orc tooth" chance="2100" />
		<item name="wand of decay" chance="1000" />
		<item id="1958" chance="520" /><!-- book -->
	</loot>
</monster>