﻿<?xml version="1.0" encoding="UTF-8"?>
<monster name="Omruc" nameDescription="a omruc" race="undead" experience="2950" speed="370" manacost="0">
	<health now="4300" max="4300"/>
	<look type="90" corpse="6025"/>
	<targetchange interval="5000" chance="8"/>
	<strategy attack="100" defense="0"/>
	<flags>
		<flag summonable="0"/>
		<flag attackable="1"/>
		<flag hostile="1"/>
		<flag illusionable="0"/>
		<flag convinceable="0"/>
		<flag pushable="0"/>
		<flag canpushitems="1"/>
		<flag canpushcreatures="1"/>
		<flag targetdistance="4"/>
		<flag staticattack="90"/>
		<flag runonhealth="0"/>
	</flags>
	<attacks>
		<attack name="melee" interval="2000" min="-50" max="-300" poison="65"/>
		<attack name="lifedrain" interval="5000" chance="20" range="1" min="-100" max="-250"/>
		<attack name="poison" interval="2000" chance="20" min="-200" max="-500">
			<attribute key="shootEffect" value="poisonarrow"/>
		</attack>
		<attack name="fire" interval="1000" chance="20" range="3" min="-120" max="-450">
			<attribute key="shootEffect" value="burstarrow"/>
			<attribute key="areaEffect" value="explosionarea"/>
		</attack>
		<attack name="melee" interval="3000" chance="20" min="-150" max="-500">
			<attribute key="shootEffect" value="arrow"/>
		</attack>
		<attack name="speed" interval="1000" chance="25" range="7" speedchange="-900" duration="50000">
			<attribute key="areaEffect" value="redshimmer"/>
		</attack>
	</attacks>
	<defenses armor="20" defense="35">
		<defense name="healing" interval="1000" chance="17" min="100" max="200">
			<attribute key="areaEffect" value="blueshimmer"/>
		</defense>
		<defense name="invisible" interval="2000" chance="14" duration="8000">
			<attribute key="areaEffect" value="blueshimmer"/>
		</defense>
	</defenses>
	<elements>
		<element deathPercent="100"/>
	</elements>
	<immunities>
		<immunity paralyze="1"/>
		<immunity invisible="1"/>
	</immunities>
	<summons maxSummons="4">
		<summon name="Stalker" interval="2000" chance="100" />
	</summons>
	<voices interval="5000" chance="10">
		<voice sentence="Now chhhou shhhee me ... Now chhhou don't!!"/>
		<voice sentence="Chhhhou are marked ashhh my prey."/>
		<voice sentence="Psssst, I am over chhhere."/>
	</voices>
	<loot>
		<item id="2148" countmax="100" chance="100000"/><!-- gold coin -->
		<item id="2176" chance="2000"/><!-- orb -->
		<item id="2443" chance="450"/><!-- ravager's axe -->
		<item id="2148" countmax="100" chance="100000"/><!-- gold coin -->
		<item id="2352" chance="100000"/><!-- crystal arrow -->
		<item id="1987" chance="100000"><!-- bag -->
			<inside>
				<item id="2148" countmax="70" chance="100000"/><!-- gold coin -->
				<item id="2550" chance="10000"/><!-- scythe -->
				<item id="2688" countmax="5" chance="4000"/><!-- candy cane -->
				<item id="2540" chance="900"/><!-- scarab shield -->
				<item id="2539" chance="200"/><!-- phoenix shield -->
				<item id="2533" chance="400"/><!-- griffin shield -->
				<item id="2486" chance="500"/><!-- noble armor -->
				<item id="2658" chance="100"/><!-- white dress -->
				<item id="2189" chance="800"/><!-- wand of cosmic energy -->
				<item id="2147" countmax="2" chance="4000"/><!-- small ruby -->
				<item id="2678" countmax="4" chance="4000"/><!-- coconut -->
				<item id="2148" countmax="100" chance="100000"/><!-- gold coin -->
				<item id="2690" countmax="4" chance="4000"/><!-- roll -->
			</inside>
		</item>
	</loot>
</monster>
