﻿<?xml version="1.0" encoding="UTF-8"?>
<monster name="Rahemos" nameDescription="a rahemos" race="undead" experience="3100" speed="320" manacost="0">
	<health now="3700" max="3700"/>
	<look type="87" corpse="6031"/>
	<targetchange interval="5000" chance="8"/>
	<strategy attack="100" defense="0"/>
	<flags>
		<flag summonable="0"/>
		<flag attackable="1"/>
		<flag hostile="1"/>
		<flag illusionable="0"/>
		<flag convinceable="0"/>
		<flag pushable="0"/>
		<flag canpushitems="1"/>
		<flag canpushcreatures="1"/>
		<flag targetdistance="1"/>
		<flag staticattack="90"/>
		<flag runonhealth="0"/>
	</flags>
	<attacks>
		<attack name="melee" interval="2000" min="-0" max="-750" poison="65"/>
		<attack name="lifedrain" interval="3000" chance="7" range="1" min="-75" max="-750"/>
		<attack name="energy" interval="2000" chance="20" range="7" min="-60" max="-600">
			<attribute key="shootEffect" value="energy"/>
			<attribute key="areaEffect" value="energy"/>
		</attack>
		<attack name="physical" interval="3000" chance="20" range="7" min="-60" max="-600">
			<attribute key="shootEffect" value="suddendeath"/>
			<attribute key="areaEffect" value="mortarea"/>
		</attack>
		<attack name="speed" interval="1000" chance="12" radius="6" target="0" speedchange="-650" duration="60000">
			<attribute key="areaEffect" value="poison"/>
		</attack>
		<attack name="drunk" interval="1000" chance="8" range="7">
			<attribute key="shootEffect" value="energy"/>
			<attribute key="areaEffect" value="energyarea"/>
		</attack>
		<attack name="outfit" interval="1000" chance="15" range="7" monster="pig" duration="12000">
			<attribute key="areaEffect" value="blueshimmer"/>
		</attack>
	</attacks>
	<defenses armor="30" defense="35">
		<defense name="healing" interval="1000" chance="20" min="200" max="500">
			<attribute key="areaEffect" value="blueshimmer"/>
		</defense>
		<defense name="outfit" interval="1000" chance="5" monster="demon" duration="4000">
			<attribute key="areaEffect" value="blueshimmer"/>
		</defense>
	</defenses>
	<elements>
		<element icePercent="100"/>
		<element earthPercent="100"/>
		<element deathPercent="100"/>
		<element firePercent="94"/>
		<element energyPercent="92"/>
		<element holyPercent="-25"/>
	</elements>
	<immunities>
		<immunity paralyze="1"/>
		<immunity invisible="1"/>
	</immunities>
	<summons maxSummons="1">
		<summon name="Demon" interval="1000" chance="12" max="1"/>
	</summons>
	<voices interval="5000" chance="10">
		<voice sentence="It's a kind of magic."/>
		<voice sentence="Abrah Kadabrah!"/>
		<voice sentence="Nothing hidden in my wrappings."/>
		<voice sentence="It's not a trick, it's Rahemos."/>
		<voice sentence="Meet my friend from hell."/>
		<voice sentence="I will make you believe in magic."/>
	</voices>
	<loot>
		<item id="2148" countmax="100" chance="100000"/><!-- gold coin -->
		<item id="2185" chance="833"/><!-- necrotic rod -->
		<item id="2176" chance="2000"/><!-- orb -->
		<item id="2439" chance="1200"/><!-- daramanian mace -->
		<item id="2148" countmax="100" chance="100000"/><!-- gold coin -->
		<item id="2348" chance="100000"/><!-- ancient rune -->
		<item id="1987" chance="100000"><!-- bag -->
			<inside>
				<item id="2148" countmax="70" chance="100000"/><!-- gold coin -->
				<item id="2550" chance="10000"/><!-- scythe -->
				<item id="2688" countmax="5" chance="4000"/><!-- candy cane -->
				<item id="2540" chance="900"/><!-- scarab shield -->
				<item id="2539" chance="200"/><!-- phoenix shield -->
				<item id="2533" chance="400"/><!-- griffin shield -->
				<item id="2486" chance="300"/><!-- noble armor -->
				<item id="2658" chance="100"/><!-- white dress -->
				<item id="2189" chance="800"/><!-- wand of cosmic energy -->
				<item id="2147" countmax="2" chance="4000"/><!-- small ruby -->
				<item id="2678" countmax="4" chance="4000"/><!-- coconut -->
				<item id="2148" countmax="100" chance="100000"/><!-- gold coin -->
				<item id="2690" countmax="4" chance="4000"/><!-- roll -->
			</inside>
		</item>
	</loot>
</monster>
