﻿<?xml version="1.0" encoding="UTF-8"?>
<monster name="Vashresamun" nameDescription="a vashresamun" race="undead" experience="2950" speed="340" manacost="0">
	<health now="4000" max="4000"/>
	<look type="90" corpse="6025"/>
	<targetchange interval="5000" chance="8"/>
	<strategy attack="100" defense="0"/>
	<flags>
		<flag summonable="0"/>
		<flag attackable="1"/>
		<flag hostile="1"/>
		<flag illusionable="0"/>
		<flag convinceable="0"/>
		<flag pushable="0"/>
		<flag canpushitems="1"/>
		<flag canpushcreatures="1"/>
		<flag targetdistance="1"/>
		<flag staticattack="90"/>
		<flag runonhealth="0"/>
	</flags>
	<attacks>
		<attack name="melee" interval="2000" min="-80" max="-300" poison="65"/>
		<attack name="lifedrain" interval="2000" chance="30" radius="5" target="0" min="-200" max="-750">
			<attribute key="areaEffect" value="purplenote"/>
		</attack>
	</attacks>
	<defenses armor="20" defense="35">
		<defense name="healing" interval="1000" chance="20" min="60" max="450">
			<attribute key="areaEffect" value="blueshimmer"/>
		</defense>
		<defense name="speed" interval="1000" chance="12" range="7" speedchange="350" duration="30000">
			<attribute key="areaEffect" value="redshimmer"/>
		</defense>
	</defenses>
	<elements>
		<element deathPercent="100"/>
		<element icePercent="20"/>
		<element firePercent="20"/>
		<element energyPercent="20"/>
	</elements>
	<immunities>
		<immunity invisible="1"/>
	</immunities>
	<summons maxSummons="2">
		<summon name="Banshee" interval="2000" chance="20" max="2"/>
	</summons>
	<voices interval="5000" chance="10">
	<voice sentence="Come my maidens, we have visitors!"/>
		<voice sentence="Are you enjoying my music?"/>
		<voice sentence="If music is the food of death, drop dead."/>
	</voices>
	<loot>
		<item id="2148" countmax="100" chance="100000"/><!-- gold coin -->
		<item id="2176" chance="2000"/><!-- orb -->
		<item id="2424" chance="400"/><!-- silver mace -->
		<item id="2148" countmax="100" chance="100000"/><!-- gold coin -->
		<item id="2349" chance="100000"/><!-- blue note -->
		<item id="1987" chance="100000"><!-- bag -->
			<inside>
				<item id="2148" countmax="70" chance="100000"/><!-- gold coin -->
				<item id="2550" chance="10000"/><!-- scythe -->
				<item id="2688" countmax="5" chance="4000"/><!-- candy cane -->
				<item id="2540" chance="900"/><!-- scarab shield -->
				<item id="2539" chance="200"/><!-- phoenix shield -->
				<item id="2533" chance="400"/><!-- griffin shield -->
				<item id="2486" chance="300"/><!-- noble armor -->
				<item id="2658" chance="100"/><!-- white dress -->
				<item id="2445" chance="600"/><!-- crystal mace -->
				<item id="2189" chance="800"/><!-- wand of cosmic energy -->
				<item id="2147" countmax="2" chance="4000"/><!-- small ruby -->
				<item id="2678" countmax="4" chance="4000"/><!-- coconut -->
				<item id="2148" countmax="100" chance="100000"/><!-- gold coin -->
				<item id="2690" countmax="4" chance="4000"/><!-- roll -->
			</inside>
		</item>
	</loot>
</monster>
