<?xml version="1.0" encoding="UTF-8"?>
<monster name="Demon" nameDescription="a demon" race="fire" experience="6000" speed="280" manacost="0">
	<health now="8200" max="8200"/>
	<look type="35" corpse="5995"/>
	<targetchange interval="5000" chance="8"/>
	<strategy attack="100" defense="0"/>
	<flags>
		<flag summonable="0"/>
		<flag attackable="1"/>
		<flag hostile="1"/>
		<flag illusionable="0"/>
		<flag convinceable="0"/>
		<flag pushable="0"/>
		<flag canpushitems="1"/>
		<flag canpushcreatures="1"/>
		<flag targetdistance="1"/>
		<flag staticattack="40"/>
		<flag runonhealth="0"/>
	</flags>

	<attacks>
		<attack name="melee" interval="2000" min="0" max="-520"/>
		<attack name="manadrain" interval="2000" chance="10" range="7" min="0" max="-120"/>
		<attack name="fire" interval="2000" chance="20" range="7" radius="7" target="1" min="-150" max="-250">
			<attribute key="shootEffect" value="fire"/>
			<attribute key="areaEffect" value="firearea"/>
		</attack>
		<attack name="firefield" interval="2000" chance="10" range="7" radius="1" target="1">
			<attribute key="shootEffect" value="fire"/>
		</attack>
		<attack name="energy" interval="2000" chance="10" length="8" spread="0" min="-300" max="-490">
			<attribute key="areaEffect" value="energy"/>
		</attack>
		<attack name="speed" interval="2000" chance="15" range="7" radius="4" target="1" speedchange="-700" duration="30000">
			<attribute key="areaEffect" value="redshimmer"/>
		</attack>
		<attack name="lifedrain" interval="2000" chance="10" length="6" spread="3" min="-210" max="-300">
			<attribute key="areaEffect" value="purpleenergy"/>
		</attack>
	</attacks>

	<defenses armor="55" defense="55">
		<defense name="healing" interval="2000" chance="15" min="80" max="250">
			<attribute key="areaEffect" value="blueshimmer"/>
		</defense>
		<defense name="speed" interval="2000" chance="15" speedchange="320" duration="5000">
			<attribute key="areaEffect" value="redshimmer"/>
		</defense>
	</defenses>

	<elements>
		<element physicalPercent="25" />
		<element deathPercent="20" />
		<element energyPercent="40" />
		<element earthPercent="40" />
		<element icePercent="-12" />
		<element holyPercent="-12" />
		<element deathPercent="20"/>
	</elements>
	<immunities>
		<immunity lifedrain="1"/>
		<immunity paralyze="1"/>
		<immunity invisible="1"/>
		<immunity fire="1" />
	</immunities>
	<summons maxSummons="1">
		<summon name="fire elemental" interval="2000" chance="10" max="1"/>
	</summons>
	<voices interval="5000" chance="10">
		<voice sentence="MUHAHAHAHA!" yell="1"/>
		<voice sentence="I SMELL FEEEEEAAAR!" yell="1"/>
		<voice sentence="CHAMEK ATH UTHUL ARAK!" yell="1"/>
		<voice sentence="Your resistance is futile!"/>
		<voice sentence="Your soul will be mine!" yell="0"/>
	</voices>
	<loot>
		<item id="2148" countmax="100" chance="100000"/><!-- gold coin -->
		<item id="2148" countmax="25" chance="100000"/><!-- gold coin -->
		<item id="2152" countmax="6" chance="100000"/><!-- platinum coin -->
		<item id="6500" chance="20000"/><!-- demonic essence -->
		<item id="2393" chance="2500"/><!-- giant sword -->
		<item id="2514" chance="580"/><!-- mastermind shield -->
		<item id="2432" chance="4500"/><!-- fire axe -->
		<item id="2472" chance="125"/><!-- magic plate armor -->
		<item id="5906" countmax="1" chance="1200"/><!-- demon dust -->
		<item id="5954" countmax="1" chance="1200"/><!-- demon horn -->
		<item id="2164" chance="250"/><!-- might ring -->
		<item id="2176" chance="3000"/><!-- orb -->
		<item id="7368" countmax="15" chance="15263"/><!-- assassin star -->
		<item id="2165" chance="2300"/><!-- stealth ring -->
		<item id="1987" chance="100000"><!-- bag -->
			<inside>
				<item id="2214" chance="2600"/><!-- ring of healing -->
				<item id="2396" chance="1800"/><!-- ice rapier -->
				<item id="2179" chance="1100"/><!-- gold ring -->
				<item id="2795" countmax="6" chance="20000"/><!-- fire mushroom -->
				<item id="2678" countmax="3" chance="10000"/><!-- coconut -->
				<item id="2148" countmax="100" chance="100000"/><!-- gold coin -->
				<item id="2151" countmax="4" chance="4000"/><!-- talon -->
				<item id="2462" chance="1200"/><!-- devil helmet -->
				<item id="2149" countmax="3" chance="11000"/><!-- small emerald -->
				<item id="2171" chance="800"/><!-- platinum amulet -->
				<item id="2387" chance="20000"/><!-- double axe -->
				<item id="2470" chance="460"/><!-- golden legs -->
				<item id="2520" chance="790"/><!-- demon shield -->
				<item id="2418" chance="1500"/><!-- golden sickle -->
				<item id="7382" chance="80"/><!-- demonrage sword -->
				<item id="2377" chance="3333"/><!-- two handed sword -->
			</inside>
		</item>
	</loot>
</monster>
