﻿<?xml version="1.0" encoding="UTF-8"?>
<monster name="Destroyer" nameDescription="a destroyer" race="undead" experience="2500" speed="270">
	<health now="3700" max="3700" />
	<look type="236" corpse="6320" />
	<targetchange interval="4000" chance="10" />
	<flags>
		<flag summonable="0" />
		<flag attackable="1" />
		<flag hostile="1" />
		<flag illusionable="0" />
		<flag convinceable="0" />
		<flag pushable="0" />
		<flag canpushitems="1" />
		<flag canpushcreatures="1" />
		<flag targetdistance="1" />
		<flag staticattack="70" />
		<flag runonhealth="0" />
		<flag canwalkonfire="0" />
		<flag canwalkonpoison="0" />
	</flags>
	<attacks>
		<attack name="melee" interval="2000" min="0" max="-500" />
		<attack name="physical" interval="2000" chance="15" range="7" min="0" max="-200">
			<attribute key="shootEffect" value="largerock" />
		</attack>
	</attacks>
	<defenses armor="30" defense="30">
		<defense name="speed" interval="2000" chance="15" speedchange="420" duration="5000">
			<attribute key="areaEffect" value="redshimmer" />
		</defense>
	</defenses>
	<elements>
		<element physicalPercent="20" />
		<element deathPercent="20" />
		<element firePercent="30" />
		<element earthPercent="20" />
		<element holyPercent="-3" />
		<element icePercent="-15" />
	</elements>
	<immunities>
		<immunity energy="1" />
		<immunity paralyze="1" />
		<immunity invisible="1" />
	</immunities>
	<voices interval="5000" chance="10">
		<voice sentence="COME HERE AND DIE!" />
		<voice sentence="Destructiooooon!" />
		<voice sentence="It's a good day to destroy!" />
	</voices>
	<loot>
		<item name="crystal necklace" chance="578" />
		<item name="gold coin" countmax="100" chance="60000" />
		<item name="gold coin" countmax="100" chance="40000" />
		<item name="gold coin" countmax="100" chance="40000" />
		<item name="gold coin" countmax="41" chance="60000" />
		<item name="small amethyst" countmax="2" chance="7692" />
		<item name="platinum coin" countmax="3" chance="4166" />
		<item name="mind stone" chance="564" />
		<item name="giant sword" chance="1694" />
		<item name="crowbar" chance="14285" />
		<item name="plate armor" chance="4347" />
		<item name="dark armor" chance="10000" />
		<item name="burst arrow" countmax="12" chance="12500" />
		<item name="pick" chance="6250" />
		<item name="steel boots" chance="1192" />
		<item name="meat" countmax="6" chance="50000" />
		<item name="skull helmet" chance="158" />
		<item name="soul orb" chance="6666" />
		<item id="6300" chance="144" /><!-- death ring -->
		<item name="demonic essence" chance="20500" />
		<item name="dreaded cleaver" chance="933" />
		<item name="chaos mace" chance="969" />
		<item name="great health potion" chance="1136" />
		<item name="metal spike" chance="8142" />
	</loot>
</monster>