﻿<?xml version="1.0" encoding="UTF-8"?>
<monster name="Juggernaut" nameDescription="a juggernaut" race="blood" experience="6500" speed="420" manacost="0">
	<health now="20000" max="20000"/>
	<look type="244" corpse="6336"/>
	<targetchange interval="5000" chance="8"/>
	<strategy attack="100" defense="0"/>
	<flags>
		<flag summonable="0"/>
		<flag attackable="1"/>
		<flag hostile="1"/>
		<flag illusionable="1"/>
		<flag convinceable="0"/>
		<flag pushable="0"/>
		<flag canpushitems="1"/>
		<flag canpushcreatures="1"/>
		<flag targetdistance="1"/>
		<flag staticattack="90"/>
		<flag runonhealth="0"/>
	</flags>
	<attacks>
		<attack name="melee" interval="2000" min="-200" max="-1423"/>
		<attack name="physical" interval="2000" chance="15" range="7" min="-280" max="-620">
		<attribute key="shootEffect" value="largerock"/>
		</attack>
	</attacks>
	<defenses armor="15" defense="15">
		<defense name="speed" interval="2000" chance="12" speedchange="790" duration="5000">
		<attribute key="areaEffect" value="redshimmer"/>
		</defense>
	</defenses>
	<elements>
		<element physicalPercent="30"/>
		<element firePercent="30"/>
		<element icePercent="10"/>
		<element earthPercent="20"/>
		<element energyPercent="-10"/>
		<element holyPercent="-5"/>
	</elements>
	<immunities>
		<immunity paralyze="1"/>
		<immunity invisible="1"/>
	</immunities>
	<voices interval="5000" chance="10">
		<voice sentence="WAHHHH!"/>
		<voice sentence="RAAARRR!"/>
		<voice sentence="GRRRRRR!"/>
	</voices>
	<loot>
		<item id="2136" chance="550" /><!-- demonbone amulet -->
		<item name="small ruby" countmax="4" chance="20000" />
		<item name="gold coin" countmax="100" chance="100000" />
		<item name="gold coin" countmax="100" chance="100000" />
		<item name="gold coin" countmax="100" chance="100000" />
		<item name="gold coin" countmax="100" chance="100000" />
		<item name="small emerald" countmax="5" chance="20000" />
		<item name="platinum coin" countmax="15" chance="100000" />
		<item name="violet gem" chance="830" />
		<item name="green gem" chance="869" />
		<item name="red gem" chance="13850" />
		<item id="2228" chance="600" /><!-- broken pottery -->
		<item name="dragon hammer" chance="11000" />
		<item name="heavy mace" chance="500" />
		<item name="war axe" chance="500" />
		<item name="golden armor" chance="610" />
		<item name="golden legs" chance="550" />
		<item name="knight armor" chance="5390" />
		<item name="mastermind shield" chance="900" />
		<item id="2578" chance="280" /><!-- closed trap -->
		<item name="ham" countmax="8" chance="60000" />
		<item name="soul orb" chance="33333" />
		<item name="demonic essence" chance="55333" />
		<item name="concentrated demonic blood" countmax="4" chance="25000" />
		<item name="onyx arrow" countmax="15" chance="11111" />
		<item name="assassin star" countmax="15" chance="25000" />
		<item name="titan axe" chance="4930" />
		<item name="spiked squelcher" chance="7961" />
		<item name="great mana potion" chance="35000" />
		<item name="great health potion" chance="32000" />
		<item name="skullcracker armor" chance="550" />
		<item id="9810" chance="3000" /><!-- rusty armor (rare) -->
		<item name="gold ingot" countmax="2" chance="7692" />
	</loot>
</monster>
