﻿<?xml version="1.0" encoding="UTF-8"?>
<monster name="Crystal Spider" nameDescription="a crystal spider" race="undead" experience="900" speed="340" manacost="4250">
	<health now="1250" max="1250"/>
	<look type="263" corpse="7344"/>
	<targetchange speed="20000" chance="8"/>
	<strategy attack="100" defense="0"/>
	<flags>
		<flag summonable="1"/>
		<flag attackable="1"/>
		<flag hostile="1"/>
		<flag illusionable="1"/>
		<flag convinceable="0"/>
		<flag pushable="0"/>
		<flag canpushitems="1"/>
		<flag staticattack="60"/>
		<flag lightlevel="0"/>
		<flag lightcolor="0"/>
		<flag targetdistance="1"/>
		<flag runonhealth="0"/>
	</flags>
	<attacks>
		<attack name="melee" interval="2000" min="-50" max="-250" poison="20"/>
		<attack name="speed" interval="2000" chance="20" range="7" radius="7" target="0" speedchange="-850" duration="8000">
			<attribute key="areaEffect" value="poff"/>
		</attack>
		<!--<attack name="energy" interval="1000" chance="25" range="7" target="1" min="-60" max="-150">
			<attribute key="shootEffect" value="energy"/>
			<attribute key="areaEffect" value="energy"/>
		</attack>-->
		<attack name="ice" interval="2000" chance="25" range="7" target="1" min="-60" max="-150">
			<attribute key="shootEffect" value="ice" />
			<attribute key="areaEffect" value="icearea" />
		</attack>
	</attacks>
	<defenses armor="25" defense="20">
		<defense name="speed" interval="3000" chance="40" speedchange="380" duration="80000">
			<attribute key="areaEffect" value="redshimmer"/>
		</defense>
	</defenses>
	<elements>
		<element firePercent="100"/>
		<element icePercent="100"/>
		<element earthPercent="20"/>
		<element energyPercent="-20"/>
	</elements>
	<immunities>
		<immunity lifedrain="0"/>
		<immunity paralyze="1"/>
		<immunity outfit="1"/>
		<immunity drunk="1"/>
		<immunity invisible="1"/>
	</immunities>
	<voices interval="2000" chance="5">
		<voice sentence="Screeech!"/>
	</voices>
	<loot>
		<item id="2148" countmax="95" chance="100000"/><!-- gold coin -->
		<item id="2463" chance="3333"/><!-- plate armor -->
		<item id="2476" chance="1428"/><!-- knight armor -->
		<item id="2457" chance="3555"/><!-- steel helmet -->
		<item id="2171" chance="1222"/><!-- platinum amulet -->
		<item id="7437" chance="777"/><!-- sapphire hammer -->
		<item id="1987" chance="100000"><!-- bag -->
			<inside>
				<item id="7449" chance="1555"/><!-- crystal sword -->
				<item id="2477" chance="1000"/><!-- knight legs -->
				<item id="7364" countmax="7" chance="1777"/><!-- sniper arrow -->
				<item id="7290" chance="1333"/><!-- shard -->
				<item id="7902" chance="1033"/><!-- glacier mask -->
				<item id="2169" chance="1333"/><!-- time ring -->
				<item id="7589" chance="1823"/><!-- strong mana potion -->
			</inside>
		</item>
	</loot>
</monster>
