﻿<?xml version="1.0" encoding="UTF-8"?>
<monster name="Necromancer" nameDescription="a necromancer" race="blood" experience="580" speed="188">
	<health now="580" max="580" />
	<look type="9" corpse="6080" />
	<targetchange interval="4000" chance="10" />
	<flags>
		<flag summonable="0" />
		<flag attackable="1" />
		<flag hostile="1" />
		<flag illusionable="0" />
		<flag convinceable="0" />
		<flag pushable="0" />
		<flag canpushitems="1" />
		<flag canpushcreatures="1" />
		<flag targetdistance="4" />
		<flag staticattack="90" />
		<flag runonhealth="0" />
		<flag canwalkonenergy="0" />
		<flag canwalkonfire="0" />
	</flags>
	<attacks>
		<attack name="melee" interval="2000" min="0" max="-80" poison="160" />
		<attack name="death" interval="2000" chance="20" range="1" target="1" min="-60" max="-120">
			<attribute key="shootEffect" value="death" />
			<attribute key="areaEffect" value="smallclouds" />
		</attack>
		<attack name="earth" interval="2000" chance="20" range="7" min="-65" max="-120">
			<attribute key="shootEffect" value="poison" />
			<attribute key="areaEffect" value="poison" />
		</attack>
	</attacks>
	<defenses armor="50" defense="50">
		<defense name="healing" interval="2000" chance="25" min="50" max="80">
			<attribute key="areaEffect" value="blueshimmer" />
		</defense>
	</defenses>
	<elements>
		<element icePercent="10" />
		<element energyPercent="20" />
		<element deathPercent="50" />
		<element physicalPercent="-5" />
		<element firePercent="-5" />
		<element holyPercent="-5" />
	</elements>
	<immunities>
		<immunity invisible="1" />
		<immunity earth="1" />
		<immunity drown="1" />
	</immunities>
	<summons maxSummons="2">
		<summon name="Ghoul" interval="2000" chance="15" />
		<summon name="Ghost" interval="2000" chance="5" />
		<summon name="Mummy" interval="2000" chance="5" />
	</summons>
	<voices interval="5000" chance="10">
		<voice sentence="Your corpse will be mine!" />
		<voice sentence="Taste the sweetness of death!" />
	</voices>
	<loot>
		<item name="gold coin" countmax="90" chance="30050" />
		<item name="poison arrow" countmax="5" chance="15000" />
		<item name="book of necromantic rituals" chance="10130" />
		<item name="green mushroom" chance="1470" />
		<item name="necromantic robe" chance="1501" />
		<item name="mystic turban" chance="500" />
		<item name="clerical mace" chance="390" />
		<item name="strong mana potion" chance="300" />
		<item name="boots of haste" chance="260" />
		<item name="spellbook of warding" chance="180" />
		<item name="skull staff" chance="150" />
		<item name="noble axe" chance="150" />
		<item name="pirate voodoo doll" chance="150" />
	</loot>
</monster>