﻿<?xml version="1.0" encoding="UTF-8"?>
<monster name="Betrayed Wraith" nameDescription="a betrayed wraith" race="blood" experience="3500" speed="310" manacost="0">
	<health now="4200" max="4200"/>
	<look type="233" corpse="6316"/>
	<targetchange interval="5000" chance="8"/>
	<strategy attack="100" defense="0"/>
	<flags>
		<flag summonable="0"/>
		<flag attackable="1"/>
		<flag hostile="1"/>
		<flag illusionable="1"/>
		<flag convinceable="0"/>
		<flag pushable="0"/>
		<flag canpushitems="1"/>
		<flag canpushcreatures="1"/>
		<flag targetdistance="1"/>
		<flag staticattack="90"/>
		<flag runonhealth="250"/>
	</flags>
	<attacks>
		<attack name="melee" interval="2000" min="-0" max="-450"/>
		<attack name="poison" interval="3000" chance="17" length="6" spread="3" min="-100" max="-350">
			<attribute key="areaEffect" value="yellowbubble"/>
		</attack>
		<attack name="speed" interval="1000" chance="25" range="1" target="1" speedchange="-600" duration="3000">
			<attribute key="areaEffect" value="redshimmer"/>
		</attack>
	</attacks>
	<defenses armor="15" defense="15">
		<defense name="healing" interval="1000" chance="50" min="150" max="200">
			<attribute key="areaEffect" value="blueshimmer"/>
		</defense>
		<defense name="invisible" interval="4000" chance="50" duration="4000">
			<attribute key="areaEffect" value="redshimmer"/>
		</defense>
		<defense name="speed" interval="1000" chance="12" speedchange="360" duration="30000">
			<attribute key="areaEffect" value="redshimmer"/>
		</defense>
	</defenses>
	<elements>
		<element deathPercent="100"/>
		<element firePercent="100"/>
		<element energyPercent="100"/>
		<element earthPercent="100"/>
		<element icePercent="50"/>
		<element holyPercent="-20"/>
	</elements>
	<immunities>
		<immunity lifedrain="1"/>
		<immunity paralyze="1"/>
		<immunity invisible="1"/>
	</immunities>
	<voices interval="5000" chance="10">
		<voice sentence="Rrrah!"/>
		<voice sentence="Gnarr!"/>
		<voice sentence="Tcharrr!"/>
	</voices>
	<loot>
		<item id="2148" countmax="100" chance="100000"/><!-- gold coin -->
		<item id="2148" countmax="100" chance="100000"/><!-- gold coin -->
		<item id="2394" chance="6667"/><!-- morning star -->
		<item id="2173" chance="900"/><!-- amulet of loss -->
		<item id="1987" chance="100000"><!-- bag -->
			<inside>
				<item id="6558" chance="2222"/><!-- concentrated demonic blood -->
				<item id="2387" chance="5000"/><!-- double axe -->
				<item id="2226" chance="10000"/><!-- fishbone -->
				<item id="5741" chance="1500"/><!-- skullhelm -->
				<item id="2145" countmax="3" chance="2222"/><!-- small diamond -->
				<item id="3976" countmax="25" chance="20000"/><!-- worm -->
				<item id="7416" chance="300"/><!-- bloody edge -->
			</inside>
		</item>
	</loot>
</monster>
