﻿<?xml version="1.0" encoding="UTF-8"?>
<monster name="Dragon Lord" nameDescription="a dragon lord" race="blood" experience="2100" speed="240" manacost="0">
	<health now="1900" max="1900"/>
	<look type="39" corpse="5984"/>
	<targetchange interval="4000" chance="10"/>
	<strategy attack="100" defense="0"/>
	<flags>
		<flag summonable="0"/>
		<flag attackable="1"/>
		<flag hostile="1"/>
		<flag illusionable="1"/>
		<flag convinceable="0"/>
		<flag pushable="0"/>
		<flag canpushitems="1"/>
		<flag canpushcreatures="1"/>
		<flag targetdistance="1"/>
		<flag staticattack="90"/>
		<flag runonhealth="300"/>
	</flags>

	<attacks>
		<attack name="melee" interval="2000" min="0" max="-230"/>
		<attack name="fire" interval="2000" chance="30" range="7" radius="4" target="1" min="-100" max="-220">
			<attribute key="shootEffect" value="fire"/>
			<attribute key="areaEffect" value="firearea"/>
		</attack>
		<attack name="firefield" interval="2000" chance="10" range="7" radius="4" target="1">
			<attribute key="shootEffect" value="fire"/>
		</attack>
		<attack name="fire" interval="2000" chance="22" length="8" spread="3" min="-150" max="-270">
			<attribute key="areaEffect" value="firearea"/>
		</attack>
	</attacks>

	<defenses armor="34" defense="34">
		<defense name="healing" interval="2000" chance="15" min="57" max="93">
			<attribute key="areaEffect" value="blueshimmer"/>
		</defense>
	</defenses>

	<elements>
		<!--<element firePercent="100"/> [CHANGED TO IMMUNITY]-->
		<element earthPercent="80"/>
		<element energyPercent="20"/>
		<element icePercent="-10"/>
	</elements>
	<immunities>
		<immunity paralyze="1"/>
		<immunity invisible="1"/>
		<immunity fire="1" />
	</immunities>
	<voices interval="5000" chance="10">
		<voice sentence="ZCHHHHH" yell="1"/>
		<voice sentence="YOU WILL BURN!" yell="1"/>
	</voices>
	<loot>
		<item id="2148" countmax="100" chance="33750"/><!-- gold coin -->
		<item id="2148" countmax="100" chance="33750"/><!-- gold coin -->
		<item id="2148" countmax="45" chance="33750"/><!-- gold coin -->
		<item id="2177" chance="680"/><!-- life crystal -->
		<item id="2672" countmax="5" chance="80000"/><!-- dragon ham -->
		<item id="2033" chance="1818"/><!-- golden mug -->
		<item id="1976" chance="3333"/><!-- gemmed book -->
		<item id="2413" chance="5000"/><!-- broadsword -->
		<item id="2498" chance="359"/><!-- royal helmet -->
		<item id="2492" chance="233"/><!-- dragon scale mail -->
		<item id="7378" countmax="3" chance="8800"/><!-- royal spear -->
		<item id="2546" countmax="5" chance="2500"/><!-- burst arrow -->
		<item id="2547" countmax="7" chance="6700"/><!-- power bolt -->
		<item id="2796" countmax="1" chance="12000"/><!-- green mushroom -->
		<item id="5948" countmax="1" chance="1040"/><!-- red dragon leather -->
		<item id="2167" chance="5250"/><!-- energy ring -->
		<item id="1987" chance="100000"><!-- bag -->
			<inside>
				<item id="2148" countmax="100" chance="100000"/><!-- gold coin -->
				<item id="2149" countmax="2" chance="833"/><!-- small emerald -->
				<item id="2392" chance="500"/><!-- fire sword -->
				<item id="2146" chance="5300"/><!-- small sapphire -->
				<item id="2528" chance="1133"/><!-- tower shield -->
				<item id="7402" chance="250"/><!-- dragon slayer -->
				<item id="2414" chance="609"/><!-- dragon lance -->
				<item id="7399" chance="120"/><!-- dragon lord trophy -->
				<item id="5882" countmax="1" chance="1920"/><!-- red dragon scale -->
				<item id="7588" chance="1370"/><!-- strong health potion -->
			</inside>
		</item>
	</loot>
</monster>
