﻿<?xml version="1.0" encoding="UTF-8"?>
<monster name="Pirate Buccaneer" nameDescription="a pirate buccaneer" race="blood" experience="250" speed="220" manacost="595">
	<health now="425" max="425" />
	<look type="97" corpse="6080" />
	<targetchange interval="4000" chance="15" />
	<flags>
		<flag summonable="0" />
		<flag attackable="1" />
		<flag hostile="1" />
		<flag illusionable="0" />
		<flag convinceable="1" />
		<flag pushable="0" />
		<flag canpushitems="1" />
		<flag canpushcreatures="1" />
		<flag staticattack="90" />
		<flag targetdistance="1" />
		<flag runonhealth="50" />
		<flag canwalkonenergy="0" />
		<flag canwalkonfire="0" />
		<flag canwalkonpoison="0" />
	</flags>
	<attacks>
		<attack name="melee" interval="2000" min="0" max="-160" />
		<attack name="physical" interval="2000" chance="20" range="4" min="0" max="-100">
			<attribute key="shootEffect" value="throwingknife" />
		</attack>
	</attacks>
	<defenses armor="30" defense="30" />
	<elements>
		<element earthPercent="10" />
		<element holyPercent="10" />
		<element deathPercent="-5" />
		<element firePercent="-5" />
		<element energyPercent="-5" />
		<element icePercent="-5" />
		<element physicalPercent="-5" />
	</elements>
	<immunities>
		<immunity invisible="1" />
	</immunities>
	<voices interval="5000" chance="10">
		<voice sentence="Give up!" />
		<voice sentence="Hiyaa" />
		<voice sentence="Plundeeeeer!" />
	</voices>
	<loot>
		<item id="2050" chance="10190" /><!-- torch -->
		<item name="gold coin" countmax="59" chance="67740" />
		<item id="2238" chance="9900" /><!-- worn leather boots -->
		<item name="sabre" chance="10100" />
		<item name="throwing knife" countmax="5" chance="9000" />
		<item name="plate armor" chance="1130" />
		<item name="battle shield" chance="3850" />
		<item id="5091" chance="1000" /><!-- treasure map -->
		<item name="rum flask" chance="120" />
		<item id="5792" chance="40" /><!-- die -->
		<item name="pirate backpack" chance="430" />
		<item name="pirate shirt" chance="2200" />
		<item name="hook" chance="900" />
		<item name="eye patch" chance="1600" />
		<item name="peg leg" chance="2000" />
		<item name="strong health potion" chance="670" />
		<item name="compass" chance="9780" />
		<item id="5810" chance="555"/><!-- pirate voodoo doll -->
	</loot>
</monster>