﻿<?xml version="1.0" encoding="UTF-8"?>
<monster name="Pirate Cutthroat" nameDescription="a pirate cutthroat" race="blood" experience="175" speed="210" manacost="495">
	<health now="325" max="325" />
	<look type="96" corpse="6080" />
	<targetchange interval="4000" chance="15" />
	<flags>
		<flag summonable="0" />
		<flag attackable="1" />
		<flag hostile="1" />
		<flag illusionable="0" />
		<flag convinceable="1" />
		<flag pushable="1" />
		<flag canpushitems="1" />
		<flag canpushcreatures="0" />
		<flag staticattack="90" />
		<flag targetdistance="1" />
		<flag runonhealth="0" />
		<flag canwalkonenergy="0" />
		<flag canwalkonfire="0" />
		<flag canwalkonpoison="0" />
	</flags>
	<attacks>
		<attack name="melee" interval="2000" min="0" max="-170" poison="10" />
		<attack name="physical" interval="2000" chance="20" range="7" radius="1" target="1" min="0" max="-95">
			<attribute key="shootEffect" value="explosion" />
			<attribute key="areaEffect" value="explosionarea" />
		</attack>
	</attacks>
	<defenses armor="25" defense="25" />
	<elements>
		<element earthPercent="10" />
		<element holyPercent="20" />
		<element deathPercent="-5" />
		<element firePercent="-5" />
		<element icePercent="-5" />
	</elements>
	<immunities>
		<immunity invisible="1" />
	</immunities>
	<voices interval="5000" chance="10">
		<voice sentence="Give up!" />
		<voice sentence="Hiyaa!" />
		<voice sentence="Plundeeeeer!" />
	</voices>
	<loot>
		<item name="gold coin" countmax="50" chance="78000" />
		<item name="scale armor" chance="3000" />
		<item name="steel shield" chance="2800" />
		<item id="5091" chance="1000" /><!-- treasure map -->
		<item name="rum flask" chance="90" />
		<item name="light shovel" chance="2000" />
		<item id="5792" chance="110" /><!-- dice -->
		<item name="pirate knee breeches" chance="2000" />
		<item name="pirate bag" chance="1000" />
		<item name="hook" chance="2200" />
		<item name="eye patch" chance="1700" />
		<item name="peg leg" chance="2000" />
		<item name="compass" chance="10120" />
		<item id="5810" chance="555"/><!-- pirate voodoo doll -->
	</loot>
</monster>