﻿<?xml version="1.0" encoding="UTF-8"?>
<monster name="Rotworm" nameDescription="a rotworm" race="blood" experience="40" speed="176" manacost="305">
	<health now="65" max="65"/>
	<look type="26" corpse="5967"/>
	<targetchange interval="2000" chance="0"/>
	<strategy attack="100" defense="0"/>
	<flags>
		<flag summonable="0"/>
		<flag attackable="1"/>
		<flag hostile="1"/>
		<flag illusionable="0"/>
		<flag convinceable="1"/>
		<flag pushable="0"/>
		<flag canpushitems="0"/>
		<flag canpushcreatures="0"/>
		<flag targetdistance="1"/>
		<flag staticattack="90"/>
		<flag runonhealth="0"/>
	</flags>
	<attacks>
		<attack name="melee" interval="2000" skill="10" attack="12"/>
	</attacks>
	<defenses armor="8" defense="11"/>
	<loot>
		<item id="2148" countmax="20" chance="100000"/><!-- gold coin -->
		<item id="3976" countmax="5" chance="50000"/><!-- worm -->
		<item id="2148" countmax="14" chance="100000"/><!-- gold coin -->
		<item id="2480" chance="1500"/><!-- legion helmet -->
		<item id="2530" chance="2857"/><!-- copper shield -->
		<item id="1987" chance="100000"><!-- bag -->
			<inside>
				<item id="2666" countmax="2" chance="20000"/><!-- meat -->
				<item id="2671" countmax="2" chance="20000"/><!-- ham -->
				<item id="2398" chance="3333"/><!-- mace -->
				<item id="2376" chance="10000"/><!-- sword -->
				<item id="2412" chance="1000"/><!-- katana -->
			</inside>
		</item>
	</loot>
</monster>
