<?xml version="1.0" encoding="UTF-8"?>
<monster name="Yeti" nameDescription="a yeti" race="blood" experience="460" speed="270" manacost="0">
	<health now="950" max="950"/>
	<look type="110" corpse="6038"/>
	<targetchange interval="5000" chance="8"/>
	<strategy attack="100" defense="0"/>
	<flags>
		<flag summonable="0"/>
		<flag attackable="1"/>
		<flag hostile="1"/>
		<flag illusionable="0"/>
		<flag convinceable="0"/>
		<flag pushable="0"/>
		<flag canpushitems="1"/>
		<flag canpushcreatures="1"/>
		<flag targetdistance="1"/>
		<flag staticattack="90"/>
		<flag runonhealth="0"/>
	</flags>
	<attacks>
		<attack name="melee" interval="2000" min="0" max="-200" />
		<attack name="physical" interval="1000" chance="15" range="7" min="0" max="-180">
			<attribute key="shootEffect" value="snowball" />
			<attribute key="areaEffect" value="poff" />
		</attack>
		<attack name="energy" interval="1000" chance="12" length="3" spread="3" min="0" max="-175">
			<attribute key="areaEffect" value="poff" />
		</attack>
	</attacks>
	<defenses armor="28" defense="33"/>
	<elements>
		<element energyPercent="100"/>
		<element earthPercent="-20"/>
	</elements>
	<immunities>
	<immunity invisible="1"/>
	</immunities>
	<voices interval="5000" chance="10">
		<voice sentence="Yooodelaaahooohooo!"/>
		<voice sentence="Yooodelaaaheeeheee!"/>
	</voices>
	<loot>
		<item name="gold coin" countmax="30" chance="80000" />
		<item name="meat" countmax="4" chance="70000" />
		<item name="snowball" countmax="22" chance="50000" />
		<item name="ham" countmax="5" chance="37000" />
		<item name="wolf tooth chain" chance="3000" />
		<item name="bunnyslippers" chance="50" />
	</loot>
</monster>
