﻿<?xml version="1.0" encoding="UTF-8"?>
<monster name="Quara Hydromancer Scout" nameDescription="a quara hydromancer scout" race="undead" experience="800" speed="280" manacost="0">
	<health now="1100" max="1100"/>
	<look type="47" corpse="6066"/>
	<targetchange interval="5000" chance="8"/>
	<strategy attack="100" defense="0"/>
	<flags>
		<flag summonable="0"/>
		<flag attackable="1"/>
		<flag hostile="1"/>
		<flag illusionable="0"/>
		<flag convinceable="0"/>
		<flag pushable="0"/>
		<flag canpushitems="1"/>
		<flag canpushcreatures="1"/>
		<flag staticattack="90"/>
		<flag targetdistance="1"/>
		<flag runonhealth="0"/>
	</flags>
	<attacks>
		<attack name="melee" interval="1000" skill="50" attack="55"/>
		<attack name="lifedrain" interval="1000" chance="12" length="7" spread="0" min="-150" max="-250">
			<attribute key="areaEffect" value="bubbles"/>
		</attack>
		<attack name="lifedrain" interval="1000" chance="10" length="7" spread="0" min="-170" max="-220">
			<attribute key="areaEffect" value="greenshimmer"/>
		</attack>
		<attack name="ice" interval="1000" chance="12" range="7" radius="3" target="0" min="--130" max="-165">
			<attribute key="areaEffect" value="bubbles"/>
		</attack>
	</attacks>
	<defenses armor="15" defense="18"/>
	<immunities>
		<immunity ice="1"/>
		<immunity fire="1"/>
		<immunity lifedrain="1"/>
		<immunity paralyze="1"/>
		<immunity invisible="1"/>
	</immunities>
	<elements>
		<element energyPercent="-25"/>
		<element earthPercent="-10"/>
	</elements>
	<voices interval="5000" chance="10">
		<voice sentence="Qua hah tsh!"/>
	</voices>
	<loot>
		<item id="2148" countmax="100" chance="100000"/><!-- gold coin -->
		<item id="2670" countmax="5" chance="20000"/><!-- shrimp -->
		<item id="5895" countmax="1" chance="2000"/><!-- fish fin -->
		<item id="2189" chance="1333"/><!-- wand of cosmic energy -->
		<item id="2240" chance="10000"/><!-- fishremains -->
		<item id="1987" chance="100000"><!-- bag -->
			<inside>
				<item id="2143" countmax="2" chance="1333"/><!-- white pearl -->
				<item id="2144" countmax="2" chance="1429"/><!-- black pearl -->
				<item id="2214" chance="1538"/><!-- ring of healing -->
				<item id="2150" countmax="2" chance="1000"/><!-- small amethyst -->
				<item id="2476" chance="500"/><!-- knight armor -->
			</inside>
		</item>
	</loot>
</monster>
