<?xml version="1.0" encoding="UTF-8"?>
<monster name="Dark Magician" nameDescription="a dark magician" race="blood" experience="185" speed="220" manacost="0">
	<health now="325" max="325"/>
	<look type="133" head="116" body="95" legs="50" feet="132" addons="2" corpse="6080"/>
	<targetchange interval="5000" chance="30"/>
	<strategy attack="100" defense="0"/>
	<flags>
		<flag summonable="0"/>
		<flag attackable="1"/>
		<flag hostile="1"/>
		<flag illusionable="0"/>
		<flag convinceable="0"/>
		<flag pushable="0"/>
		<flag canpushitems="1"/>
		<flag canpushcreatures="1"/>
		<flag targetdistance="4"/>
		<flag staticattack="90"/>
		<flag runonhealth="800"/>
	</flags>
	<attacks>
		<attack name="melee" interval="2000" min="-60" max="-120"/>
		<attack name="fire" interval="1000" chance="35" range="7" min="-5" max="-38">
			<attribute key="shootEffect" value="fire"/>
		</attack>
		<attack name="energy" interval="2000" chance="25" length="8" spread="0" min="0" max="-27">
			<attribute key="areaEffect" value="energy"/>
		</attack>
	</attacks>
	<defenses armor="15" defense="20">
		<defense name="healing" interval="1000" chance="25" min="60" max="100">
			<attribute key="areaEffect" value="blueshimmer"/>
		</defense>
		<defense name="invisible" interval="5000" chance="50" duration="5000">
			<attribute key="areaEffect" value="redshimmer"/>
		</defense>
	</defenses>
	<elements>
		<element firePercent="10"/>
		<element earthPercent="8"/>
		<element energyPercent="8"/>
		<element icePercent="8"/>
		<element holyPercent="5"/>
		<element deathPercent="-6"/>
	</elements>
	<immunities>
		<immunity invisible="1"/>
	</immunities>
	<voices interval="5000" chance="10">
		<voice sentence="Feel the power of my runes!"/>
		<voice sentence="Killing you is getting expensive!"/>
		<voice sentence="My secrets are mine alone!"/>
	</voices>
	<loot>
		<item id="2148" countmax="100" chance="100000"/><!-- gold coin -->
		<item id="2260" chance="1300"/><!-- blank rune -->
		<item id="7620" chance="1200"/><!-- mana potion -->
		<item id="6079" chance="1200"/><!-- dead frog -->
		<item id="2188" chance="800"/><!-- wand of decay -->
	</loot>
</monster>
