<?xml version="1.0" encoding="UTF-8"?>
<monster name="Infernalist" nameDescription="an infernalist" race="blood" experience="4000" speed="220">
	<health now="3650" max="3650" />
	<look type="130" head="78" body="76" legs="94" feet="39" addons="2" corpse="6080" />
	<targetchange interval="4000" chance="10" />
	<flags>
		<flag summonable="0" />
		<flag attackable="1" />
		<flag hostile="1" />
		<flag illusionable="0" />
		<flag convinceable="0" />
		<flag pushable="0" />
		<flag canpushitems="1" />
		<flag canpushcreatures="1" />
		<flag targetdistance="4" />
		<flag staticattack="95" />
		<flag runonhealth="900" />
	</flags>
	<attacks>
		<attack name="melee" interval="2000" min="0" max="-100" />
		<attack name="fire" interval="2000" chance="40" range="7" target="1" min="-65" max="-180">
			<attribute key="shootEffect" value="fire" />
			<attribute key="areaEffect" value="fire" />
		</attack>
		<attack name="fire" interval="2000" chance="20" range="7" radius="3" target="1" min="-90" max="-180">
			<attribute key="shootEffect" value="fire" />
			<attribute key="areaEffect" value="firearea" />
		</attack>
		<attack name="manadrain" interval="2000" chance="20" target="1" range="7" radius="3" min="-53" max="-120">
			<attribute key="areaEffect" value="teleport" />
			<attribute key="shootEffect" value="energyball" />
		</attack>
		<attack name="firefield" interval="2000" chance="15" range="7" radius="3" target="1">
			<attribute key="shootEffect" value="fire" />
		</attack>
		<attack name="fire" interval="2000" chance="10" length="8" spread="0" min="-150" max="-250">
			<attribute key="areaEffect" value="fireattack" />
		</attack>
		<attack name="physical" interval="2000" chance="5" radius="2" target="0" min="-100" max="-150">
			<attribute key="areaEffect" value="explosionarea" />
		</attack>
	</attacks>
	<defenses armor="15" defense="15">
		<defense name="healing" interval="2000" chance="15" min="60" max="230">
			<attribute key="areaEffect" value="blueshimmer" />
		</defense>
		<defense name="invisible" interval="2000" chance="15" duration="8000">
			<attribute key="areaEffect" value="blueshimmer" />
		</defense>
	</defenses>
	<elements>
		<element earthPercent="95" />
		<element physicalPercent="-5" />
		<element icePercent="-5" />
		<element holyPercent="20" />
		<element deathPercent="5" />
	</elements>
	<immunities>
		<immunity energy="1" />
		<immunity fire="1" />
		<immunity paralyze="1" />
		<immunity invisible="1" />
	</immunities>
	<summons maxSummons="1">
		<summon name="fire elemental" interval="2000" chance="20" />
	</summons>
	<voices interval="5000" chance="10">
		<voice sentence="Nothing will remain but your scorched bones!" />
		<voice sentence="Some like it hot!" />
		<voice sentence="It's cooking time!" />
		<voice sentence="Feel the heat of battle!" />
	</voices>
	<loot>
		<item name="piggy bank" chance="220" />
		<item name="gold coin" countmax="100" chance="56500" />
		<item name="gold coin" countmax="47" chance="40000" />
		<item name="energy ring" chance="1800" />
		<item name="skull staff" chance="8500" />
		<item name="magic sulphur" chance="600" />
		<item name="red piece of cloth" chance="1420" />
		<item name="great mana potion" chance="19700" />
		<item name="great health potion" chance="1900" />
		<item name="small enchanted ruby" chance="4250" />
		<item name="magma boots" chance="400" />
		<item name="raspberry" countmax="5" chance="8500" />
		<item name="spellbook of mind control" chance="560" />
		<item name="royal tapestry" chance="520" />
		<item name="black skull" chance="820" />
		<item name="gold ingot" chance="70" />
		<item name="crystal of power" chance="220" />
	</loot>
</monster>