<?xml version="1.0" encoding="UTF-8"?>
<monster name="Warlock" nameDescription="a warlock" race="blood" experience="4000" speed="230">
	<health now="3500" max="3500" />
	<look type="130" head="0" body="52" legs="128" feet="95" addons="1" corpse="6080" />
	<targetchange interval="4000" chance="10" />
	<flags>
		<flag summonable="0" />
		<flag attackable="1" />
		<flag hostile="1" />
		<flag illusionable="0" />
		<flag convinceable="0" />
		<flag pushable="0" />
		<flag canpushitems="1" />
		<flag canpushcreatures="1" />
		<flag targetdistance="4" />
		<flag staticattack="90" />
		<flag runonhealth="900" />
	</flags>
	<attacks>
		<attack name="melee" interval="2000" min="0" max="-130" />
		<attack name="energy" interval="2000" chance="25" range="7" min="-90" max="-180">
			<attribute key="shootEffect" value="energy" />
		</attack>
		<attack name="warlock skill reducer" range="5" interval="2000" chance="5" />
		<attack name="manadrain" interval="2000" chance="10" range="7" min="0" max="-120" />
		<attack name="fire" interval="2000" chance="20" range="7" radius="3" target="1" min="-50" max="-180">
			<attribute key="shootEffect" value="fire" />
			<attribute key="areaEffect" value="firearea" />
		</attack>
		<attack name="firefield" interval="2000" chance="10" range="7" radius="2" target="1">
			<attribute key="shootEffect" value="fire" />
		</attack>
		<attack name="energy" interval="2000" chance="10" length="8" spread="0" min="-150" max="-230">
			<attribute key="areaEffect" value="bigclouds" />
		</attack>
		<attack name="speed" interval="2000" chance="15" range="7" speedchange="-600" duration="20000">
			<attribute key="areaEffect" value="redshimmer" />
		</attack>
	</attacks>
	<defenses armor="33" defense="33">
		<defense name="healing" interval="2000" chance="20" min="100" max="225">
			<attribute key="areaEffect" value="blueshimmer" />
		</defense>
		<defense name="invisible" interval="2000" chance="20" duration="10000">
			<attribute key="areaEffect" value="blueshimmer" />
		</defense>
	</defenses>
	<elements>
		<element earthPercent="95" />
		<element holyPercent="-8" />
		<element physicalPercent="-5" />
	</elements>
	<immunities>
		<immunity fire="1" />
		<immunity energy="1" />
		<immunity ice="1" />
		<immunity paralyze="1" />
		<immunity invisible="1" />
	</immunities>
	<summons maxSummons="1">
		<summon name="stone golem" interval="2000" chance="10" />
	</summons>
	<voices interval="5000" chance="10">
		<voice sentence="Learn the secret of our magic! YOUR death!" />
		<voice sentence="Even a rat is a better mage than you." />
		<voice sentence="We don't like intruders!" />
	</voices>
	<loot>
		<item name="gold coin" countmax="80" chance="30000" />
		<item name="cherry" countmax="4" chance="19000" />
		<item name="bread" chance="9000" />
		<item name="poison dagger" chance="7600" />
		<item name="skull staff" chance="8370" />
		<item name="great health potion" chance="5000" />
		<item name="great mana potion" chance="5000" />
		<item name="assassin star" countmax="4" chance="5500" />
		<item name="dark mushroom" chance="3000" />
		<item name="mind stone" chance="2000" />
		<item name="energy ring" chance="2000" />
		<item name="blue robe" chance="2000" />
		<item name="candlestick" chance="1500" />
		<item name="small sapphire" chance="1200" />
		<item name="talon" chance="1150" />
		<item name="lightning robe" chance="1000" />
		<item id="2600" chance="1000" /><!-- inkwell -->
		<item id="2124" chance="730" /><!-- crystal ring -->
		<item name="luminous orb" chance="450" />
		<item name="ring of the sky" chance="580" />
		<item name="stone skin amulet" chance="530" />
		<item name="red tome" chance="240" />
		<item name="golden armor" chance="620" />
		<item name="piggy bank" chance="60" />
	</loot>
</monster>