﻿<?xml version="1.0" encoding="UTF-8"?>
<monster name="Elf" nameDescription="an elf" race="blood" experience="42" speed="190" manacost="320">
	<health now="100" max="100" />
	<look type="62" corpse="6003" />
	<targetchange interval="4000" chance="0" />
	<flags>
		<flag summonable="0" />
		<flag attackable="1" />
		<flag hostile="1" />
		<flag illusionable="1" />
		<flag convinceable="1" />
		<flag pushable="1" />
		<flag canpushitems="0" />
		<flag canpushcreatures="0" />
		<flag targetdistance="1" />
		<flag staticattack="90" />
		<flag runonhealth="0" />
		<flag canwalkonenergy="0" />
		<flag canwalkonfire="0" />
		<flag canwalkonpoison="0" />
	</flags>
	<attacks>
		<attack name="melee" interval="2000" min="0" max="-15" />
		<attack name="physical" interval="2000" chance="10" range="7" min="0" max="-25">
			<attribute key="shootEffect" value="arrow" />
		</attack>
	</attacks>
	<defenses armor="6" defense="6" />
	<elements>
		<element holyPercent="20" />
		<element deathPercent="-10" />
	</elements>
	<immunities>
		<immunity invisible="1" />
	</immunities>
	<voices interval="5000" chance="10">
		<voice sentence="Ulathil beia Thratha!" />
		<voice sentence="Bahaha aka!" />
		<voice sentence="You are not welcome here." />
		<voice sentence="Flee as long as you can." />
		<voice sentence="Death to the defilers!" />
	</voices>
	<loot>
		<item name="gold coin" countmax="30" chance="44000" />
		<item name="plum" countmax="2" chance="20000" />
		<item name="studded helmet" chance="15000" />
		<item name="leather boots" chance="11410" />
		<item name="longsword" chance="10800" />
		<item name="studded armor" chance="9000" />
		<item name="plate shield" chance="8900" />
		<item name="arrow" countmax="3" chance="7060" />
		<item name="elvish talisman" chance="2000" />
		<item id="5921" chance="1000" /><!-- heaven blossom -->
	</loot>
</monster>