﻿<?xml version="1.0" encoding="UTF-8"?>
<monster name="Cave Rat" nameDescription="a cave rat" race="blood" experience="10" speed="150" manacost="250">
	<health now="30" max="30"/>
	<look type="56" corpse="5964"/>
	<targetchange interval="2000" chance="0"/>
	<strategy attack="100" defense="0"/>
	<flags>
		<flag summonable="1"/>
		<flag attackable="1"/>
		<flag hostile="1"/>
		<flag illusionable="1"/>
		<flag convinceable="1"/>
		<flag pushable="1"/>
		<flag canpushitems="0"/>
		<flag canpushcreatures="0"/>
		<flag targetdistance="1"/>
		<flag staticattack="90"/>
		<flag runonhealth="3"/>
	</flags>
	<attacks>
		<attack name="melee" interval="2000" skill="18" attack="8"/>
	</attacks>
	<defenses armor="1" defense="3"/>
	<elements>
		<element firePercent="-13"/>
	</elements>
	<voices interval="5000" chance="10">
		<voice sentence="Meeeeep!"/>
		<voice sentence="Meep!"/>
	</voices>
	<loot>
		<item id="3976" countmax="10" chance="50000"/><!-- worm -->
		<item id="2148" countmax="6" chance="100000"/><!-- gold coin -->
		<item id="2696" chance="20000"/><!-- cheese -->
	</loot>
</monster>
