﻿  
<?xml version="1.0" encoding="UTF-8"?>
<monster name="Crocodile" nameDescription="a crocodile" race="blood" experience="40" speed="156" manacost="350">
	<health now="105" max="105" />
	<look type="119" corpse="6046" />
	<targetchange interval="5000" chance="0" />
	<flags>
		<flag summonable="1" />
		<flag attackable="1" />
		<flag hostile="1" />
		<flag illusionable="1" />
		<flag convinceable="1" />
		<flag pushable="0" />
		<flag canpushitems="1" />
		<flag canpushcreatures="1" />
		<flag targetdistance="1" />
		<flag staticattack="90" />
		<flag runonhealth="10" />
		<flag canwalkonenergy="0" />
		<flag canwalkonfire="0" />
		<flag canwalkonpoison="0" />
	</flags>
	<attacks>
		<attack name="melee" interval="2000" min="0" max="-40" />
	</attacks>
	<defenses armor="13" defense="13" />
	<elements>
		<element earthPercent="20" />
		<element icePercent="10" />
		<element energyPercent="-5" />
		<element firePercent="-10" />
		<element physicalPercent="-10" />
	</elements>
	<loot>
		<item name="gold coin" countmax="10" chance="50000" />
		<item name="ham" chance="40000" />
		<item name="piece of crocodile leather" chance="20180" />
		<item name="crocodile boots" chance="100" />
	</loot>
</monster>