﻿<?xml version="1.0" encoding="UTF-8"?>
<monster name="Pig" nameDescription="a pig" race="blood" experience="0" speed="114" manacost="255">
	<health now="150" max="150"/>
	<look type="60" corpse="6000"/>
	<targetchange interval="2000" chance="0"/>
	<strategy attack="100" defense="0"/>
	<flags>
		<flag summonable="1"/>
		<flag attackable="1"/>
		<flag hostile="0"/>
		<flag illusionable="1"/>
		<flag convinceable="1"/>
		<flag pushable="1"/>
		<flag canpushitems="0"/>
		<flag canpushcreatures="0"/>
		<flag targetdistance="1"/>
		<flag staticattack="90"/>
		<flag runonhealth="25"/>
	</flags>
	<attacks>
		<attack name="melee" interval="2000" skill="10" attack="0"/>
	</attacks>
	<defenses armor="2" defense="2"/>
	<loot>
		<item id="3976" countmax="10" chance="50000"/><!-- worm -->
		<item id="2671" countmax="4" chance="100000"/><!-- ham -->
	</loot>
</monster>
