<?xml version="1.0" encoding="UTF-8"?>
<monster name="The Dark Dancer" nameDescription="the dark dancer" race="blood" experience="435" speed="170">
	<health now="855" max="855"/>
	<look type="58" corpse="7349"/>
	<targetchange interval="60000" chance="0"/>
	<strategy attack="100" defense="0"/>
	<flags>
		<flag pushable="0"/>
		<flag canpushitems="1"/>
		<flag staticattack="78"/>
		<flag targetdistance="5"/>
	</flags>
	<attacks>
		<attack name="melee" interval="2000" min="0" max="-45" poison="220" />
		<attack name="physical" interval="3000" chance="70" radius="1" target="1" range="5" min="-60" max="-95">
			<attribute key="areaEffect" value="mortarea" />
			<attribute key="shootEffect" value="suddendeath" />
		</attack>
		<attack name="physical" interval="6000" chance="90" radius="1" target="1" range="5" min="-60" max="-95">
			<attribute key="areaEffect" value="mortarea" />
			<attribute key="shootEffect" value="suddendeath" />
		</attack>
		<attack name="speed" interval="3500" chance="35" radius="1" target="1" range="5" duration="10000" speedchange="-400">
			<attribute key="areaEffect" value="redshimmer" />
		</attack>
		<attack name="manadrain" interval="4000" chance="30" radius="1" target="1" range="5" min="-2" max="-110">
			<attribute key="areaEffect" value="redshimmer" />
		</attack>
	</attacks>
	<defenses armor="11" defense="12">
		<defense name="healing" interval="2000" chance="45" min="75" max="135">
			<attribute key="areaEffect" value="blueshimmer"/>
		</defense>
		<defense name="invisible" interval="3000" chance="50" duration="5000">
			<attribute key="areaEffect" value="blueshimmer"/>
		</defense>
	</defenses>
	<elements>
		<element firePercent="40"/>
		<element deathPercent="22"/>
	</elements>
	<immunities>
		<immunity invisible="1"/>
	</immunities>
	<summons maxSummons="3">
		<summon name="Ghoul" interval="2000" chance="20"/>
	</summons>
	<voices interval="5000" chance="5">
		<voice sentence="I hope you like my voice!"/>
	</voices>
</monster>
