<?xml version="1.0" encoding="UTF-8"?>
<monster name="Orcus the Cruel" nameDescription="orcus the cruel" race="blood" experience="280" speed="230">
	<health now="480" max="480"/>
	<look type="59" corpse="7349"/>
	<targetchange interval="2000" chance="5"/>
	<strategy attack="100" defense="0"/>
	<flags>
		<flag pushable="0"/>
		<flag canpushitems="1"/>
		<flag staticattack="78"/>
	</flags>
	<attacks>
		<attack name="melee" interval="2000" min="-45" max="-130"/>
		<attack name="physical" interval="2000" chance="40" range="5" radius="1" target="1" min="0" max="-70">
			<attribute key="shootEffect" value="throwingknife"/>
		</attack>
	</attacks>
	<defenses armor="39" defense="40"/>
	<elements>
		<element firePercent="100"/>
		<element energyPercent="20"/>
		<element earthPercent="-20"/>
	</elements>
	<immunities>
		<immunity invisible="1"/>
	</immunities>
</monster>
