﻿<?xml version="1.0" encoding="UTF-8"?>
<monster name="Fire Elemental" nameDescription="a fire elemental" race="fire" experience="220" speed="200" manacost="690">
	<health now="280" max="280"/>
	<look type="49" corpse="1487"/>
	<targetchange interval="5000" chance="8"/>
	<strategy attack="100" defense="0"/>
	<flags>
		<flag summonable="1"/>
		<flag attackable="1"/>
		<flag hostile="1"/>
		<flag illusionable="1"/>
		<flag convinceable="1"/>
		<flag pushable="0"/>
		<flag canpushitems="1"/>
		<flag canpushcreatures="0"/>
		<flag targetdistance="1"/>
		<flag staticattack="90"/>
		<flag runonhealth="0"/>
	</flags>
	<attacks>
		<attack name="melee" interval="2000" skill="38" attack="38"/>
		<attack name="fire" interval="1000" chance="25" range="7" radius="2" target="1" min="-55" max="-155">
			<attribute key="shootEffect" value="fire"/>
			<attribute key="areaEffect" value="firearea"/>
		</attack>
		<attack name="firefield" interval="1000" chance="34" range="7" radius="1" target="1">
			<attribute key="shootEffect" value="fire"/>
		</attack>
	</attacks>
	<defenses armor="18" defense="20"/>
	<elements>
		<element firePercent="100"/>
		<element deathPercent="100"/>
		<element icePercent="-25"/>
	</elements>
	<immunities>
		<immunity paralyze="1"/>
		<immunity invisible="1"/>
	</immunities>
</monster>
