<?xml version="1.0" encoding="UTF-8"?>
<monster name="Hellfire Fighter" nameDescription="a hellfire fighter" race="fire" experience="3900" speed="280">
	<health now="3800" max="3800" />
	<look type="243" corpse="6324" />
	<targetchange interval="4000" chance="10" />
	<flags>
		<flag summonable="0" />
		<flag attackable="1" />
		<flag hostile="1" />
		<flag illusionable="1" />
		<flag convinceable="0" />
		<flag pushable="0" />
		<flag canpushitems="1" />
		<flag canpushcreatures="1" />
		<flag targetdistance="1" />
		<flag staticattack="90" />
		<flag runonhealth="0" />
		<flag canwalkonenergy="0" />
		<flag canwalkonpoison="0" />
	</flags>
	<attacks>
		<attack name="melee" interval="2000" min="0" max="-520" />
		<attack name="firefield" interval="2000" chance="10" range="7" radius="3" target="0">
			<attribute key="shootEffect" value="fire" />
		</attack>
		<attack name="fire" interval="2000" chance="20" target="0" length="8" spread="0" min="-392" max="-1500">
			<attribute key="areaEffect" value="fireattack" />
		</attack>
		<attack name="fire" interval="2000" chance="15" range="7" radius="3" target="0" min="-60" max="-330">
			<attribute key="areaEffect" value="fire" />
		</attack>
		<attack name="hellfire fighter soulfire" interval="2000" chance="15" />
	</attacks>
	<defenses armor="35" defense="35" />
	<elements>
		<element energyPercent="20" />
		<element physicalPercent="50" />
		<element deathPercent="20" />
		<element icePercent="-25" />
	</elements>
	<immunities>
		<immunity fire="1" />
		<immunity paralyze="1" />
		<immunity invisible="1" />
	</immunities>
	<loot>
		<item name="emerald bangle" chance="2200" />
		<item id="2136" chance="260" /><!-- demonbone amulet -->
		<item name="small diamond" chance="1400" />
		<item name="gold coin" countmax="100" chance="50000" />
		<item name="gold coin" countmax="100" chance="40000" />
		<item name="gold coin" countmax="46" chance="10000" />
		<item name="bronze amulet" chance="1000" />
		<item name="wand of inferno" chance="12450" />
		<item name="burnt scroll" chance="50000" />
		<item name="blank rune" countmax="2" chance="30000" />
		<item name="fire sword" chance="5140" />
		<item name="fire axe" chance="540" />
		<item name="soul orb" chance="12150" />
		<item name="demonic essence" chance="14500" />
		<item name="magma legs" chance="830" />
		<item name="magma coat" chance="570" />
		<item name="fiery heart" chance="9570" />
		<item name="piece of hellfire armor" chance="6060" />
	</loot>
</monster>