<?xml version="1.0" encoding="UTF-8"?>
<monster name="Young Sea Serpent" nameDescription="a young sea serpent" race="blood" experience="1000" speed="320" manacost="4500">
	<health now="1050" max="1050" />
	<look type="317" corpse="9882" />
	<targetchange interval="4000" chance="10" />
	<flags>
		<flag summonable="1" />
		<flag attackable="1" />
		<flag hostile="1" />
		<flag illusionable="0" />
		<flag convinceable="0" />
		<flag pushable="0" />
		<flag canpushitems="1" />
		<flag staticattack="85" />
		<flag canpushcreatures="1" />
		<flag targetdistance="1" />
		<flag runonhealth="400" />
	</flags>
	<attacks>
		<attack name="melee" interval="2000" min="0" max="-200" />
		<attack name="earth" interval="2000" chance="10" length="7" spread="2" min="-10" max="-250">
			<attribute key="areaEffect" value="smallplants" />
		</attack>
		<attack name="ice" interval="2000" chance="10" length="7" spread="2" min="-80" max="-250">
			<attribute key="areaEffect" value="iceattack" />
		</attack>
		<attack name="young sea serpent drown" range="5" interval="2000" chance="15" />
	</attacks>
	<defenses armor="30" defense="30">
		<defense name="healing" interval="2000" chance="30" min="25" max="175">
			<attribute key="areaEffect" value="blueshimmer" />
		</defense>
		<defense name="speed" interval="2000" chance="15" speedchange="400" duration="5000">
			<attribute key="areaEffect" value="redshimmer" />
		</defense>
	</defenses>
	<elements>
		<element firePercent="30" />
		<element energyPercent="-10" />
		<element physicalPercent="-15" />
		<element deathPercent="-15" />
	</elements>
	<immunities>
		<immunity ice="1" />
		<immunity paralyze="1" />
		<immunity invisible="1" />
		<immunity drown="1" />
	</immunities>
	<voices interval="5000" chance="10">
		<voice sentence="CHHHRRRR" />
		<voice sentence="HISSSS" />
	</voices>
	<loot>
		<item name="small sapphire" countmax="2" chance="1900" />
		<item name="gold coin" countmax="100" chance="50000" />
		<item name="gold coin" countmax="74" chance="48000" />
		<item name="stealth ring" chance="1000" />
		<item name="life crystal" chance="300" />
		<item name="battle axe" chance="8000" />
		<item name="morning star" chance="40000" />
		<item name="battle hammer" chance="5000" />
		<item name="strong health potion" chance="5000" />
		<item name="strong mana potion" chance="4000" />
		<item id="9809" chance="1830" /><!-- rusty armor (semi-rare) -->
		<item name="sea serpent scale" chance="7500" />
	</loot>
</monster>