﻿<?xml version="1.0" encoding="UTF-8"?>
<monster name="Ferumbras" nameDescription="Ferumbras" race="venom" experience="12000" speed="320">
	<health now="50000" max="50000" />
	<look type="229" corpse="6078" />
	<targetchange interval="5000" chance="8" />
	<flags>
		<flag summonable="0" />
		<flag attackable="1" />
		<flag hostile="1" />
		<flag illusionable="0" />
		<flag convinceable="0" />
		<flag pushable="0" />
		<flag canpushitems="1" />
		<flag canpushcreatures="1" />
		<flag targetdistance="1" />
		<flag staticattack="90" />
		<flag runonhealth="2500" />
		<flag isboss="1" />
	</flags>
	<attacks>
		<attack name="melee" interval="2000" min="0" max="-350" />
		<attack name="manadrain" interval="2000" chance="20" range="7" min="-300" max="-700">
			<attribute key="areaEffect" value="redshimmer" />
		</attack>
		<attack name="earth" interval="3000" chance="20" radius="6" target="0" min="-300" max="-500">
			<attribute key="areaEffect" value="poison" />
		</attack>
		<attack name="energy" interval="2000" chance="18" radius="6" target="0" min="-200" max="-950">
			<attribute key="areaEffect" value="energy" />
		</attack>
		<attack name="manadrain" interval="2000" chance="16" radius="6" target="0" min="-500" max="-700">
			<attribute key="areaEffect" value="redshimmer" />
		</attack>
		<attack name="lifedrain" interval="2000" chance="21" radius="6" target="0" min="-450" max="-650">
			<attribute key="areaEffect" value="poff" />
		</attack>
		<attack name="physical" interval="3000" chance="20" radius="5" target="0" min="-600" max="-900">
			<attribute key="areaEffect" value="blackspark" />
		</attack>
		<attack name="fire" interval="3000" chance="20" range="7" radius="7" target="1" min="-200" max="-800">
			<attribute key="shootEffect" value="fire" />
			<attribute key="areaEffect" value="firearea" />
		</attack>
		<attack name="lifedrain" interval="2000" chance="25" length="8" spread="0" min="-300" max="-500">
			<attribute key="areaEffect" value="greenspark" />
		</attack>
	</attacks>
	<defenses armor="100" defense="120">
		<defense name="healing" interval="2000" chance="10" min="900" max="1500">
			<attribute key="areaEffect" value="greenshimmer" />
		</defense>
		<defense name="speed" interval="3000" chance="30" speedchange="360" duration="7000">
			<attribute key="areaEffect" value="blueshimmer" />
		</defense>
		<defense name="invisible" interval="4000" chance="20" duration="5000">
			<attribute key="areaEffect" value="blueshimmer" />
		</defense>
	</defenses>
	<elements>
		<element firePercent="90" />
		<element energyPercent="90" />
		<element holyPercent="20" />
		<element icePercent="20" />
		<element physicalPercent="10" />
	</elements>
	<immunities>
		<immunity earth="1" />
		<immunity lifedrain="1" />
		<immunity paralyze="1" />
		<immunity outfit="1" />
		<immunity drunk="1" />
		<immunity invisible="1" />
	</immunities>
	<summons maxSummons="4">
		<summon name="Demon" interval="2500" chance="24" />
	</summons>
	<voices interval="5000" chance="20">
		<voice sentence="NOONE WILL STOP ME THIS TIME!" yell="1" />
		<voice sentence="THE POWER IS MINE!" yell="1" />
		<voice sentence="I returned from death and you dream about defeating me?" />
		<voice sentence="Witness the first seconds of my eternal world domination!" />
		<voice sentence="Even in my weakened state I will crush you all!" />
	</voices>
	<loot>
		<item name="Ferumbras' hat" chance="8000" />
		<item name="gold coin" countmax="100" chance="97000" />
		<item name="gold coin" countmax="100" chance="97000" />
		<item name="gold coin" countmax="70" chance="33000" />
		<item name="gold ingot" countmax="2" chance="25000" />
		<item name="great shield" chance="8000" />
		<item name="spellbook of lost souls" chance="6000" />
		<item name="golden armor" chance="12000" />
		<item name="golden legs" chance="9000" />
		<item name="spellbook of mind control" chance="3500" />
		<item name="velvet mantle" chance="9000" />
		<item name="demon shield" chance="12000" />
		<item name="divine plate" chance="8000" />
		<item name="magma legs" chance="10000" />
		<item name="tempest shield" chance="6000" />
		<item name="emerald bangle" chance="10000" />
		<item name="glacier kilt" chance="10000" />
		<item name="lightning legs" chance="10000" />
		<item name="phoenix shield" chance="6000" />
		<item name="spellbook of dark mysteries" chance="1000" />
		<item name="terra legs" chance="11000" />
		<item name="emerald sword" chance="1200" />
		<item name="havoc blade" chance="9000" />
		<item name="shadow sceptre" chance="8000" />
		<item name="small emerald" countmax="100" chance="16000" />
		<item id="7632" countmax="5" chance="14000" /><!-- giant shimmering pearl -->
		<item id="7633" countmax="5" chance="14000" /><!-- giant shimmering pearl -->
		<item name="magic plate armor" chance="7000" />
		<item name="mastermind shield" chance="8000" />
		<item name="runed sword" chance="6000" />
		<item name="spellscroll of prophecies" chance="8000" />
		<item name="chaos mace" chance="7000" />
		<item name="demonwing axe" chance="1200" />
		<item name="greenwood coat" chance="8000" />
		<item name="small sapphire" countmax="98" chance="12000" />
		<item name="white pearl" countmax="88" chance="12000" />
		<item name="haunted blade" chance="7000" />
		<item name="hellforged axe" chance="1200" />
		<item name="obsidian truncheon" chance="7000" />
		<item name="ornamented axe" chance="7000" />
		<item name="queen's sceptre" chance="7000" />
		<item name="small amethyst" countmax="54" chance="10000" />
		<item name="small topaz" countmax="87" chance="10000" />
		<item name="demonrage sword" chance="8000" />
		<item name="jade hammer" chance="5100" />
		<item name="platinum coin" countmax="58" chance="97000" />
		<item name="skullcrusher" chance="4100" />
		<item name="soul orb" countmax="9" chance="8100" />
		<item name="vile axe" chance="4100" />
		<item name="abyss hammer" chance="4100" />
		<item name="berserker" chance="4100" />
		<item name="black pearl" countmax="83" chance="6100" />
		<item name="bloody edge" chance="8100" />
		<item name="nightmare blade" chance="4100" />
		<item name="great axe" chance="1200" />
		<item name="impaler" chance="3000" />
		<item name="red tome" chance="4000" />
		<item name="small diamond" countmax="82" chance="4000" />
		<item name="small ruby" countmax="92" chance="4000" />
	</loot>
</monster>