<?xml version="1.0" encoding="UTF-8"?>
<monster name="Ron the Ripper" nameDescription="Ron the Ripper" race="blood" experience="500" speed="240" manacost="0">
	<health now="1500" max="1500"/>
	<look type="151" head="95" body="94" legs="117" feet="97" addons="1" corpse="6080"/>
	<targetchange interval="60000" chance="0"/>
	<strategy attack="100" defense="0"/>
	<flags>
		<flag summonable="0"/>
		<flag attackable="1"/>
		<flag hostile="1"/>
		<flag illusionable="0"/>
		<flag convinceable="0"/>
		<flag pushable="0"/>
		<flag canpushitems="1"/>
		<flag staticattack="50"/>
		<flag lightlevel="0"/>
		<flag lightcolor="0"/>
		<flag targetdistance="1"/>
		<flag runonhealth="250"/>
	</flags>
	<attacks>
		<attack name="melee" interval="2000" min="-200" max="-250"/>
	</attacks>
	<defenses armor="35" defense="50"/>
	<loot>
		<item id="6101" chance="100000"/><!-- ron the ripper's sabre -->
		<item id="2148" countmax="50" chance="100000"/><!-- gold coin -->
		<item id="2476" chance="1200"/><!-- knight armor -->
		<item id="2387" chance="1500"/><!-- double axe -->
		<item id="2463" chance="4000"/><!-- plate armor -->
		<item id="2379" chance="8500"/><!-- dagger -->
		<item id="2320" countmax="2" chance="100000"/><!-- skull -->
		<item id="5926" chance="1100"/><!-- pirate backpack -->
	</loot>
</monster>
