<?xml version="1.0" encoding="UTF-8"?>
<monster name="Island Troll" nameDescription="an island troll" race="blood" experience="20" speed="190" manacost="290">
	<health now="50" max="50"/>
	<look type="282" corpse="7930"/>
	<targetchange interval="5000" chance="20"/>
	<strategy attack="100" defense="0"/>
	<flags>
		<flag summonable="1"/>
		<flag attackable="1"/>
		<flag hostile="1"/>
		<flag illusionable="0"/>
		<flag convinceable="0"/>
		<flag pushable="1"/>
		<flag canpushitems="1"/>
		<flag canpushcreatures="0"/>
		<flag staticattack="90"/>
		<flag targetdistance="1"/>
		<flag runonhealth="15"/>
	</flags>
	<attacks>
		<attack name="melee" interval="2000" skill="19" attack="12"/>
	</attacks>
	<defenses armor="7" defense="9"/>
	<voices interval="5000" chance="10">
		<voice sentence="Hmmm, turtles"/>
		<voice sentence="Hmmm, dogs"/>
		<voice sentence="Hmmm, wormds"/>
		<voice sentence="Groar"/>
		<voice sentence="Gruntz!"/>
	</voices>
	<loot>
		<item id="3976" countmax="10" chance="50000"/><!-- worm -->
		<item id="2148" countmax="10" chance="100000"/><!-- gold coin -->
		<item id="2389" countmax="1" chance="33333"/><!-- spear -->
		<item id="2643" chance="10000"/><!-- leather boots -->
		<item id="2461" chance="20000"/><!-- leather helmet -->
		<item id="2120" chance="23333"/><!-- rope -->
		<item id="2172" chance="3333"/><!-- bronze amulet -->
		<item id="5901" countmax="1" chance="5000"/><!-- wood -->
		<item id="1987" chance="100000"><!-- bag -->
			<inside>
				<item id="2512" chance="6666"/><!-- wooden shield -->
				<item id="2666" countmax="2" chance="30000"/><!-- meat -->
				<item id="2380" chance="10000"/><!-- hand axe -->
				<item id="2170" chance="1428"/><!-- silver amulet -->
				<item id="2448" chance="10000"/><!-- studded club -->
			</inside>
		</item>
	</loot>
</monster>
