﻿<?xml version="1.0" encoding="UTF-8"?>
<monster name="Trainer" nameDescription="a trainer" race="blood" experience="45" speed="170" manacost="320">
	<health now="10000000000" max="10000000000"/>
	<look type="69" corpse="6007"/>
	<targetchange interval="2000" chance="0"/>
	<strategy attack="100" defense="0"/>
	<flags>
		<flag summonable="0"/>
		<flag attackable="1"/>
		<flag hostile="0"/>
		<flag illusionable="0"/>
		<flag convinceable="0"/>
		<flag pushable="0"/>
		<flag canpushitems="0"/>
		<flag canpushcreatures="0"/>
		<flag targetdistance="5"/>
		<flag staticattack="90"/>
		<flag runonhealth="0"/>
	</flags>
	<attacks>
		<attack name="melee" interval="2000" skill="23" attack="14"/>
<attack name="physical" interval="1000" chance="20" range="7" min="0" max="2">
			<attribute key="shootEffect" value="spear"/>
		</attack>

	</attacks>

	<defenses armor="15" defense="22">
		<defense name="healing" interval="1000" chance="10" min="100000" max="100000">
			<attribute key="areaEffect" value="blueshimmer"/>
		</defense>

	<elements>
		<element earthPercent="70"/>
		<element firePercent="-5"/>
		<element deathPercent="-3"/>
	</elements>

	<voices interval="5000" chance="10">
		<voice sentence="Hail Durin!"/>
	</voices>
	<loot>
	</loot>
</monster>
